ID,Name,Email,Gender,Region
501,Jane Smith,jane.smith@example.com,Female,Europe
502,Charles Johnson,charles.johnson@example.com,Male,Europe
503,Joseph Johnson,joseph.johnson@example.com,Male,Europe
504,Isabella Johnson,isabella.johnson@example.com,Male,Europe
505,Joseph Anderson,joseph.anderson@example.com,Female,Europe
506,Thomas Garcia,thomas.garcia@example.com,Female,Europe
507,Sarah Davis,sarah.davis@example.com,Male,Europe
508,Mia Johnson,mia.johnson@example.com,Female,Europe
509,Michael Williams,michael.williams@example.com,Male,Europe
510,John Smith,john.smith@example.com,Male,Europe
511,Emily Wilson,emily.wilson@example.com,Male,Europe
512,Michael Gonzalez,michael.gonzalez@example.com,Male,Europe
513,Emily Wilson,emily.wilson@example.com,Male,Europe
514,Joseph Smith,joseph.smith@example.com,Male,Europe
515,James Brown,james.brown@example.com,Male,Europe
516,Emily Martinez,emily.martinez@example.com,Male,Europe
517,Sophia Anderson,sophia.anderson@example.com,Female,Europe
518,Charles Miller,charles.miller@example.com,Female,Europe
519,Emily Johnson,emily.johnson@example.com,Male,Europe
520,Sarah Miller,sarah.miller@example.com,Male,Europe
521,Olivia Wilson,olivia.wilson@example.com,Male,Europe
522,Sarah Lopez,sarah.lopez@example.com,Female,Europe
523,Charles Davis,charles.davis@example.com,Male,Europe
524,Joseph Garcia,joseph.garcia@example.com,Male,Europe
525,Joseph Smith,joseph.smith@example.com,Female,Europe
526,Joseph Miller,joseph.miller@example.com,Female,Europe
527,Emma Johnson,emma.johnson@example.com,Female,Europe
528,Robert Rodriguez,robert.rodriguez@example.com,Male,Europe
529,James Jones,james.jones@example.com,Male,Europe
530,John Garcia,john.garcia@example.com,Female,Europe
531,Thomas Gonzalez,thomas.gonzalez@example.com,Male,Europe
532,Thomas Davis,thomas.davis@example.com,Female,Europe
533,Robert Johnson,robert.johnson@example.com,Male,Europe
534,Sarah Martinez,sarah.martinez@example.com,Male,Europe
535,Jane Smith,jane.smith@example.com,Female,Europe
536,Michael Davis,michael.davis@example.com,Female,Europe
537,Mia Johnson,mia.johnson@example.com,Female,Europe
538,John Wilson,john.wilson@example.com,Female,Europe
539,Joseph Thomas,joseph.thomas@example.com,Male,Europe
540,Isabella Martinez,isabella.martinez@example.com,Male,Europe
541,Sophia Brown,sophia.brown@example.com,Female,Europe
542,James Miller,james.miller@example.com,Male,Europe
543,Charles Anderson,charles.anderson@example.com,Female,Europe
544,Charles Hernandez,charles.hernandez@example.com,Female,Europe
545,Thomas Lopez,thomas.lopez@example.com,Female,Europe
546,Michael Johnson,michael.johnson@example.com,Female,Europe
547,Isabella Gonzalez,isabella.gonzalez@example.com,Male,Europe
548,Mia Lopez,mia.lopez@example.com,Female,Europe
549,William Davis,william.davis@example.com,Female,Europe
550,James Gonzalez,james.gonzalez@example.com,Female,Europe
551,John Rodriguez,john.rodriguez@example.com,Female,Europe
552,Michael Brown,michael.brown@example.com,Male,Europe
553,Thomas Johnson,thomas.johnson@example.com,Female,Europe
554,Sophia Anderson,sophia.anderson@example.com,Male,Europe
555,Mia Gonzalez,mia.gonzalez@example.com,Female,Europe
556,Charlotte Gonzalez,charlotte.gonzalez@example.com,Male,Europe
557,Jane Martinez,jane.martinez@example.com,Female,Europe
558,Sarah Rodriguez,sarah.rodriguez@example.com,Female,Europe
559,Michael Garcia,michael.garcia@example.com,Female,Europe
560,Mia Martinez,mia.martinez@example.com,Male,Europe
561,Charles Hernandez,charles.hernandez@example.com,Female,Europe
562,John Smith,john.smith@example.com,Male,Europe
563,Mia Hernandez,mia.hernandez@example.com,Female,Europe
564,Mia Thomas,mia.thomas@example.com,Female,Europe
565,Joseph Brown,joseph.brown@example.com,Male,Europe
566,James Johnson,james.johnson@example.com,Female,Europe
567,Charlotte Davis,charlotte.davis@example.com,Male,Europe
568,Robert Rodriguez,robert.rodriguez@example.com,Female,Europe
569,Olivia Jones,olivia.jones@example.com,Male,Europe
570,James Hernandez,james.hernandez@example.com,Male,Europe
571,Michael Anderson,michael.anderson@example.com,Male,Europe
572,David Smith,david.smith@example.com,Female,Europe
573,Mia Miller,mia.miller@example.com,Female,Europe
574,Charlotte Williams,charlotte.williams@example.com,Male,Europe
575,David Thomas,david.thomas@example.com,Male,Europe
576,Mia Hernandez,mia.hernandez@example.com,Female,Europe
577,Sarah Brown,sarah.brown@example.com,Male,Europe
578,Joseph Hernandez,joseph.hernandez@example.com,Female,Europe
579,Sarah Hernandez,sarah.hernandez@example.com,Male,Europe
580,Sophia Thomas,sophia.thomas@example.com,Male,Europe
581,Emma Rodriguez,emma.rodriguez@example.com,Male,Europe
582,Charles Lopez,charles.lopez@example.com,Female,Europe
583,Olivia Anderson,olivia.anderson@example.com,Male,Europe
584,John Garcia,john.garcia@example.com,Male,Europe
585,Charles Garcia,charles.garcia@example.com,Female,Europe
586,Olivia Gonzalez,olivia.gonzalez@example.com,Female,Europe
587,Olivia Garcia,olivia.garcia@example.com,Male,Europe
588,John Lopez,john.lopez@example.com,Female,Europe
589,David Hernandez,david.hernandez@example.com,Male,Europe
590,Sophia Gonzalez,sophia.gonzalez@example.com,Female,Europe
591,Joseph Miller,joseph.miller@example.com,Female,Europe
592,Thomas Rodriguez,thomas.rodriguez@example.com,Female,Europe
593,Joseph Hernandez,joseph.hernandez@example.com,Male,Europe
594,David Williams,david.williams@example.com,Female,Europe
595,James Garcia,james.garcia@example.com,Female,Europe
596,Charlotte Thomas,charlotte.thomas@example.com,Male,Europe
597,Charles Wilson,charles.wilson@example.com,Female,Europe
598,Sophia Jones,sophia.jones@example.com,Female,Europe
599,Jane Rodriguez,jane.rodriguez@example.com,Male,Europe
600,Sarah Jones,sarah.jones@example.com,Female,Europe
601,Emma Johnson,emma.johnson@example.com,Female,Europe
602,Sophia Wilson,sophia.wilson@example.com,Female,Europe
603,Isabella Anderson,isabella.anderson@example.com,Female,Europe
604,Emily Wilson,emily.wilson@example.com,Male,Europe
605,Emma Hernandez,emma.hernandez@example.com,Male,Europe
606,James Williams,james.williams@example.com,Female,Europe
607,John Gonzalez,john.gonzalez@example.com,Female,Europe
608,Robert Hernandez,robert.hernandez@example.com,Female,Europe
609,Charlotte Williams,charlotte.williams@example.com,Male,Europe
610,Emily Martinez,emily.martinez@example.com,Male,Europe
611,John Gonzalez,john.gonzalez@example.com,Female,Europe
612,Mia Martinez,mia.martinez@example.com,Female,Europe
613,Robert Lopez,robert.lopez@example.com,Male,Europe
614,Emily Williams,emily.williams@example.com,Male,Europe
615,Jane Garcia,jane.garcia@example.com,Female,Europe
616,Emma Brown,emma.brown@example.com,Male,Europe
617,Isabella Thomas,isabella.thomas@example.com,Female,Europe
618,Emily Miller,emily.miller@example.com,Male,Europe
619,Emily Hernandez,emily.hernandez@example.com,Male,Europe
620,Charlotte Davis,charlotte.davis@example.com,Male,Europe
621,Sarah Jones,sarah.jones@example.com,Male,Europe
622,Charles Jones,charles.jones@example.com,Male,Europe
623,Michael Smith,michael.smith@example.com,Female,Europe
624,Mia Wilson,mia.wilson@example.com,Female,Europe
625,Jane Lopez,jane.lopez@example.com,Female,Europe
626,Isabella Johnson,isabella.johnson@example.com,Female,Europe
627,Olivia Miller,olivia.miller@example.com,Male,Europe
628,Olivia Miller,olivia.miller@example.com,Female,Europe
629,Olivia Gonzalez,olivia.gonzalez@example.com,Male,Europe
630,William Williams,william.williams@example.com,Female,Europe
631,Mia Rodriguez,mia.rodriguez@example.com,Female,Europe
632,William Garcia,william.garcia@example.com,Female,Europe
633,Jane Wilson,jane.wilson@example.com,Female,Europe
634,Thomas Smith,thomas.smith@example.com,Female,Europe
635,Mia Wilson,mia.wilson@example.com,Female,Europe
636,Isabella Miller,isabella.miller@example.com,Female,Europe
637,Michael Smith,michael.smith@example.com,Male,Europe
638,Isabella Lopez,isabella.lopez@example.com,Female,Europe
639,Charles Williams,charles.williams@example.com,Male,Europe
640,Emily Wilson,emily.wilson@example.com,Female,Europe
641,Michael Brown,michael.brown@example.com,Male,Europe
642,Sarah Martinez,sarah.martinez@example.com,Male,Europe
643,Sophia Smith,sophia.smith@example.com,Female,Europe
644,James Brown,james.brown@example.com,Female,Europe
645,Isabella Johnson,isabella.johnson@example.com,Female,Europe
646,Charlotte Davis,charlotte.davis@example.com,Female,Europe
647,Charlotte Williams,charlotte.williams@example.com,Female,Europe
648,Olivia Lopez,olivia.lopez@example.com,Male,Europe
649,James Wilson,james.wilson@example.com,Female,Europe
650,Michael Martinez,michael.martinez@example.com,Female,Europe
651,Isabella Martinez,isabella.martinez@example.com,Female,Europe
652,Olivia Smith,olivia.smith@example.com,Male,Europe
653,Thomas Miller,thomas.miller@example.com,Male,Europe
654,Sophia Jones,sophia.jones@example.com,Female,Europe
655,Mia Williams,mia.williams@example.com,Female,Europe
656,Joseph Anderson,joseph.anderson@example.com,Male,Europe
657,Joseph Brown,joseph.brown@example.com,Male,Europe
658,William Williams,william.williams@example.com,Female,Europe
659,William Hernandez,william.hernandez@example.com,Female,Europe
660,Mia Martinez,mia.martinez@example.com,Male,Europe
661,William Thomas,william.thomas@example.com,Male,Europe
662,Charlotte Martinez,charlotte.martinez@example.com,Female,Europe
663,Sarah Brown,sarah.brown@example.com,Male,Europe
664,Emma Smith,emma.smith@example.com,Female,Europe
665,James Martinez,james.martinez@example.com,Male,Europe
666,William Hernandez,william.hernandez@example.com,Female,Europe
667,David Smith,david.smith@example.com,Female,Europe
668,Olivia Smith,olivia.smith@example.com,Female,Europe
669,Charlotte Hernandez,charlotte.hernandez@example.com,Female,Europe
670,Jane Davis,jane.davis@example.com,Male,Europe
671,Emma Johnson,emma.johnson@example.com,Male,Europe
672,Michael Smith,michael.smith@example.com,Male,Europe
673,Charlotte Jones,charlotte.jones@example.com,Female,Europe
674,Sarah Martinez,sarah.martinez@example.com,Male,Europe
675,Olivia Williams,olivia.williams@example.com,Female,Europe
676,Sarah Thomas,sarah.thomas@example.com,Female,Europe
677,Isabella Lopez,isabella.lopez@example.com,Female,Europe
678,Michael Lopez,michael.lopez@example.com,Male,Europe
679,Sarah Miller,sarah.miller@example.com,Male,Europe
680,Thomas Davis,thomas.davis@example.com,Male,Europe
681,Michael Garcia,michael.garcia@example.com,Male,Europe
682,James Martinez,james.martinez@example.com,Male,Europe
683,Sophia Garcia,sophia.garcia@example.com,Male,Europe
684,Isabella Hernandez,isabella.hernandez@example.com,Male,Europe
685,Sophia Martinez,sophia.martinez@example.com,Male,Europe
686,Michael Miller,michael.miller@example.com,Female,Europe
687,Emma Lopez,emma.lopez@example.com,Male,Europe
688,John Smith,john.smith@example.com,Female,Europe
689,Charles Gonzalez,charles.gonzalez@example.com,Male,Europe
690,John Rodriguez,john.rodriguez@example.com,Female,Europe
691,Mia Wilson,mia.wilson@example.com,Male,Europe
692,David Davis,david.davis@example.com,Male,Europe
693,Emily Hernandez,emily.hernandez@example.com,Female,Europe
694,James Hernandez,james.hernandez@example.com,Male,Europe
695,Michael Gonzalez,michael.gonzalez@example.com,Male,Europe
696,Jane Martinez,jane.martinez@example.com,Male,Europe
697,Mia Garcia,mia.garcia@example.com,Male,Europe
698,Joseph Johnson,joseph.johnson@example.com,Male,Europe
699,Emily Wilson,emily.wilson@example.com,Male,Europe
700,Sophia Hernandez,sophia.hernandez@example.com,Male,Europe
701,Olivia Jones,olivia.jones@example.com,Male,Europe
702,Jane Gonzalez,jane.gonzalez@example.com,Female,Europe
703,Robert Anderson,robert.anderson@example.com,Female,Europe
704,Charlotte Wilson,charlotte.wilson@example.com,Female,Europe
705,Jane Brown,jane.brown@example.com,Female,Europe
706,Olivia Brown,olivia.brown@example.com,Male,Europe
707,Sophia Gonzalez,sophia.gonzalez@example.com,Male,Europe
708,James Rodriguez,james.rodriguez@example.com,Female,Europe
709,Michael Garcia,michael.garcia@example.com,Male,Europe
710,Robert Lopez,robert.lopez@example.com,Female,Europe
711,Jane Rodriguez,jane.rodriguez@example.com,Female,Europe
712,Sarah Wilson,sarah.wilson@example.com,Male,Europe
713,Emily Davis,emily.davis@example.com,Male,Europe
714,James Johnson,james.johnson@example.com,Female,Europe
715,Emily Williams,emily.williams@example.com,Female,Europe
716,Emma Rodriguez,emma.rodriguez@example.com,Male,Europe
717,David Thomas,david.thomas@example.com,Male,Europe
718,Sophia Williams,sophia.williams@example.com,Male,Europe
719,Emily Smith,emily.smith@example.com,Female,Europe
720,Charles Hernandez,charles.hernandez@example.com,Female,Europe
721,Isabella Smith,isabella.smith@example.com,Female,Europe
722,William Garcia,william.garcia@example.com,Male,Europe
723,William Gonzalez,william.gonzalez@example.com,Female,Europe
724,Jane Johnson,jane.johnson@example.com,Male,Europe
725,Sophia Anderson,sophia.anderson@example.com,Female,Europe
726,Sarah Anderson,sarah.anderson@example.com,Male,Europe
727,Charlotte Jones,charlotte.jones@example.com,Male,Europe
728,Joseph Thomas,joseph.thomas@example.com,Female,Europe
729,Sophia Johnson,sophia.johnson@example.com,Male,Europe
730,Charlotte Johnson,charlotte.johnson@example.com,Female,Europe
731,Emily Williams,emily.williams@example.com,Male,Europe
732,Olivia Gonzalez,olivia.gonzalez@example.com,Female,Europe
733,Thomas Rodriguez,thomas.rodriguez@example.com,Male,Europe
734,Charlotte Jones,charlotte.jones@example.com,Male,Europe
735,Charlotte Anderson,charlotte.anderson@example.com,Female,Europe
736,Michael Hernandez,michael.hernandez@example.com,Male,Europe
737,Mia Hernandez,mia.hernandez@example.com,Female,Europe
738,Emma Miller,emma.miller@example.com,Female,Europe
739,Mia Jones,mia.jones@example.com,Female,Europe
740,John Garcia,john.garcia@example.com,Female,Europe
741,John Hernandez,john.hernandez@example.com,Male,Europe
742,Jane Miller,jane.miller@example.com,Male,Europe
743,Robert Smith,robert.smith@example.com,Female,Europe
744,Mia Jones,mia.jones@example.com,Male,Europe
745,Sarah Rodriguez,sarah.rodriguez@example.com,Female,Europe
746,David Davis,david.davis@example.com,Male,Europe
747,Jane Wilson,jane.wilson@example.com,Female,Europe
748,Jane Jones,jane.jones@example.com,Female,Europe
749,Isabella Gonzalez,isabella.gonzalez@example.com,Female,Europe
750,Robert Davis,robert.davis@example.com,Male,Europe
751,John Rodriguez,john.rodriguez@example.com,Female,Europe
752,Thomas Brown,thomas.brown@example.com,Female,Europe
753,John Williams,john.williams@example.com,Female,Europe
754,Sarah Thomas,sarah.thomas@example.com,Female,Europe
755,John Wilson,john.wilson@example.com,Female,Europe
756,William Gonzalez,william.gonzalez@example.com,Male,Europe
757,Michael Jones,michael.jones@example.com,Female,Europe
758,Charles Miller,charles.miller@example.com,Female,Europe
759,Jane Thomas,jane.thomas@example.com,Male,Europe
760,Michael Williams,michael.williams@example.com,Female,Europe
761,Sarah Jones,sarah.jones@example.com,Male,Europe
762,Joseph Thomas,joseph.thomas@example.com,Male,Europe
763,James Brown,james.brown@example.com,Male,Europe
764,James Hernandez,james.hernandez@example.com,Male,Europe
765,Isabella Martinez,isabella.martinez@example.com,Male,Europe
766,Emma Miller,emma.miller@example.com,Female,Europe
767,Sarah Anderson,sarah.anderson@example.com,Male,Europe
768,Emily Jones,emily.jones@example.com,Female,Europe
769,James Williams,james.williams@example.com,Female,Europe
770,David Rodriguez,david.rodriguez@example.com,Male,Europe
771,Charlotte Gonzalez,charlotte.gonzalez@example.com,Female,Europe
772,James Davis,james.davis@example.com,Female,Europe
773,Sarah Smith,sarah.smith@example.com,Female,Europe
774,Olivia Williams,olivia.williams@example.com,Female,Europe
775,Emma Johnson,emma.johnson@example.com,Female,Europe
776,Jane Gonzalez,jane.gonzalez@example.com,Female,Europe
777,James Johnson,james.johnson@example.com,Male,Europe
778,Emily Johnson,emily.johnson@example.com,Male,Europe
779,Thomas Garcia,thomas.garcia@example.com,Male,Europe
780,Emma Brown,emma.brown@example.com,Male,Europe
781,Mia Garcia,mia.garcia@example.com,Female,Europe
782,Charles Gonzalez,charles.gonzalez@example.com,Female,Europe
783,Charlotte Davis,charlotte.davis@example.com,Male,Europe
784,Thomas Anderson,thomas.anderson@example.com,Male,Europe
785,William Anderson,william.anderson@example.com,Male,Europe
786,Charlotte Hernandez,charlotte.hernandez@example.com,Female,Europe
787,Jane Martinez,jane.martinez@example.com,Male,Europe
788,John Rodriguez,john.rodriguez@example.com,Male,Europe
789,Joseph Johnson,joseph.johnson@example.com,Male,Europe
790,Mia Williams,mia.williams@example.com,Female,Europe
791,Olivia Garcia,olivia.garcia@example.com,Female,Europe
792,John Rodriguez,john.rodriguez@example.com,Female,Europe
793,Robert Wilson,robert.wilson@example.com,Female,Europe
794,Sarah Smith,sarah.smith@example.com,Female,Europe
795,John Lopez,john.lopez@example.com,Female,Europe
796,Olivia Garcia,olivia.garcia@example.com,Female,Europe
797,William Thomas,william.thomas@example.com,Female,Europe
798,Jane Anderson,jane.anderson@example.com,Male,Europe
799,Sarah Smith,sarah.smith@example.com,Female,Europe
800,Joseph Rodriguez,joseph.rodriguez@example.com,Female,Europe
801,Olivia Williams,olivia.williams@example.com,Female,Europe
802,Michael Gonzalez,michael.gonzalez@example.com,Female,Europe
803,Sophia Jones,sophia.jones@example.com,Male,Europe
804,Joseph Williams,joseph.williams@example.com,Female,Europe
805,Emily Johnson,emily.johnson@example.com,Male,Europe
806,Michael Smith,michael.smith@example.com,Male,Europe
807,Jane Gonzalez,jane.gonzalez@example.com,Male,Europe
808,Michael Rodriguez,michael.rodriguez@example.com,Female,Europe
809,William Davis,william.davis@example.com,Male,Europe
810,David Martinez,david.martinez@example.com,Male,Europe
811,Thomas Davis,thomas.davis@example.com,Male,Europe
812,Jane Hernandez,jane.hernandez@example.com,Female,Europe
813,John Johnson,john.johnson@example.com,Female,Europe
814,Michael Garcia,michael.garcia@example.com,Female,Europe
815,William Johnson,william.johnson@example.com,Male,Europe
816,Emily Miller,emily.miller@example.com,Female,Europe
817,William Miller,william.miller@example.com,Male,Europe
818,Jane Johnson,jane.johnson@example.com,Female,Europe
819,Sophia Wilson,sophia.wilson@example.com,Female,Europe
820,Charlotte Thomas,charlotte.thomas@example.com,Female,Europe
821,Emma Brown,emma.brown@example.com,Female,Europe
822,Charles Williams,charles.williams@example.com,Female,Europe
823,Isabella Martinez,isabella.martinez@example.com,Male,Europe
824,Sophia Lopez,sophia.lopez@example.com,Female,Europe
825,Michael Smith,michael.smith@example.com,Male,Europe
826,Sarah Brown,sarah.brown@example.com,Female,Europe
827,Jane Martinez,jane.martinez@example.com,Male,Europe
828,John Garcia,john.garcia@example.com,Female,Europe
829,Emily Garcia,emily.garcia@example.com,Female,Europe
830,Jane Jones,jane.jones@example.com,Male,Europe
831,David Smith,david.smith@example.com,Male,Europe
832,Sarah Wilson,sarah.wilson@example.com,Female,Europe
833,Joseph Gonzalez,joseph.gonzalez@example.com,Male,Europe
834,Sarah Brown,sarah.brown@example.com,Male,Europe
835,Mia Lopez,mia.lopez@example.com,Male,Europe
836,John Davis,john.davis@example.com,Male,Europe
837,Charles Garcia,charles.garcia@example.com,Female,Europe
838,Joseph Smith,joseph.smith@example.com,Female,Europe
839,Sophia Lopez,sophia.lopez@example.com,Male,Europe
840,Emily Garcia,emily.garcia@example.com,Male,Europe
841,Sarah Williams,sarah.williams@example.com,Male,Europe
842,Robert Lopez,robert.lopez@example.com,Female,Europe
843,Olivia Smith,olivia.smith@example.com,Male,Europe
844,Mia Anderson,mia.anderson@example.com,Female,Europe
845,Joseph Davis,joseph.davis@example.com,Female,Europe
846,Joseph Miller,joseph.miller@example.com,Male,Europe
847,Emma Williams,emma.williams@example.com,Female,Europe
848,Sarah Wilson,sarah.wilson@example.com,Female,Europe
849,Jane Brown,jane.brown@example.com,Female,Europe
850,Sarah Johnson,sarah.johnson@example.com,Male,Europe
851,Charlotte Williams,charlotte.williams@example.com,Female,Europe
852,Charlotte Martinez,charlotte.martinez@example.com,Male,Europe
853,Charles Jones,charles.jones@example.com,Female,Europe
854,Emily Garcia,emily.garcia@example.com,Male,Europe
855,Mia Lopez,mia.lopez@example.com,Male,Europe
856,Mia Smith,mia.smith@example.com,Male,Europe
857,Michael Thomas,michael.thomas@example.com,Male,Europe
858,William Johnson,william.johnson@example.com,Female,Europe
859,Charlotte Thomas,charlotte.thomas@example.com,Male,Europe
860,Jane Anderson,jane.anderson@example.com,Male,Europe
861,David Wilson,david.wilson@example.com,Female,Europe
862,Olivia Rodriguez,olivia.rodriguez@example.com,Male,Europe
863,James Lopez,james.lopez@example.com,Female,Europe
864,James Brown,james.brown@example.com,Male,Europe
865,John Smith,john.smith@example.com,Male,Europe
866,Michael Smith,michael.smith@example.com,Male,Europe
867,William Jones,william.jones@example.com,Male,Europe
868,Mia Wilson,mia.wilson@example.com,Female,Europe
869,William Wilson,william.wilson@example.com,Male,Europe
870,Isabella Wilson,isabella.wilson@example.com,Male,Europe
871,Charlotte Williams,charlotte.williams@example.com,Female,Europe
872,Michael Lopez,michael.lopez@example.com,Female,Europe
873,Charles Hernandez,charles.hernandez@example.com,Male,Europe
874,David Gonzalez,david.gonzalez@example.com,Male,Europe
875,David Martinez,david.martinez@example.com,Female,Europe
876,Robert Martinez,robert.martinez@example.com,Male,Europe
877,Thomas Smith,thomas.smith@example.com,Male,Europe
878,David Williams,david.williams@example.com,Female,Europe
879,Robert Anderson,robert.anderson@example.com,Female,Europe
880,Michael Hernandez,michael.hernandez@example.com,Female,Europe
881,James Jones,james.jones@example.com,Female,Europe
882,John Anderson,john.anderson@example.com,Male,Europe
883,Emily Miller,emily.miller@example.com,Female,Europe
884,Thomas Gonzalez,thomas.gonzalez@example.com,Male,Europe
885,Olivia Johnson,olivia.johnson@example.com,Female,Europe
886,Thomas Martinez,thomas.martinez@example.com,Male,Europe
887,David Thomas,david.thomas@example.com,Female,Europe
888,David Smith,david.smith@example.com,Female,Europe
889,Charles Garcia,charles.garcia@example.com,Male,Europe
890,Emma Smith,emma.smith@example.com,Female,Europe
891,Sarah Brown,sarah.brown@example.com,Male,Europe
892,William Wilson,william.wilson@example.com,Female,Europe
893,Isabella Williams,isabella.williams@example.com,Female,Europe
894,Emily Williams,emily.williams@example.com,Female,Europe
895,David Gonzalez,david.gonzalez@example.com,Female,Europe
896,Emily Anderson,emily.anderson@example.com,Female,Europe
897,John Lopez,john.lopez@example.com,Male,Europe
898,Robert Rodriguez,robert.rodriguez@example.com,Male,Europe
899,Emma Hernandez,emma.hernandez@example.com,Male,Europe
900,Joseph Brown,joseph.brown@example.com,Male,Europe
901,William Thomas,william.thomas@example.com,Female,Europe
902,Joseph Johnson,joseph.johnson@example.com,Female,Europe
903,Sarah Williams,sarah.williams@example.com,Female,Europe
904,Joseph Gonzalez,joseph.gonzalez@example.com,Male,Europe
905,Charles Miller,charles.miller@example.com,Male,Europe
906,Charlotte Rodriguez,charlotte.rodriguez@example.com,Male,Europe
907,Joseph Martinez,joseph.martinez@example.com,Male,Europe
908,Isabella Garcia,isabella.garcia@example.com,Female,Europe
909,David Wilson,david.wilson@example.com,Female,Europe
910,Sarah Jones,sarah.jones@example.com,Male,Europe
911,Michael Lopez,michael.lopez@example.com,Male,Europe
912,Olivia Smith,olivia.smith@example.com,Male,Europe
913,William Garcia,william.garcia@example.com,Male,Europe
914,Robert Johnson,robert.johnson@example.com,Female,Europe
915,Mia Gonzalez,mia.gonzalez@example.com,Male,Europe
916,John Wilson,john.wilson@example.com,Female,Europe
917,Sophia Johnson,sophia.johnson@example.com,Male,Europe
918,Charlotte Smith,charlotte.smith@example.com,Female,Europe
919,Mia Anderson,mia.anderson@example.com,Male,Europe
920,Sophia Garcia,sophia.garcia@example.com,Female,Europe
921,Michael Rodriguez,michael.rodriguez@example.com,Female,Europe
922,Michael Williams,michael.williams@example.com,Female,Europe
923,Thomas Williams,thomas.williams@example.com,Female,Europe
924,Emma Jones,emma.jones@example.com,Female,Europe
925,Isabella Gonzalez,isabella.gonzalez@example.com,Female,Europe
926,Charlotte Jones,charlotte.jones@example.com,Male,Europe
927,Joseph Miller,joseph.miller@example.com,Female,Europe
928,William Garcia,william.garcia@example.com,Female,Europe
929,Olivia Miller,olivia.miller@example.com,Female,Europe
930,William Smith,william.smith@example.com,Female,Europe
931,Jane Miller,jane.miller@example.com,Female,Europe
932,Sarah Williams,sarah.williams@example.com,Male,Europe
933,James Smith,james.smith@example.com,Female,Europe
934,Olivia Jones,olivia.jones@example.com,Male,Europe
935,Thomas Wilson,thomas.wilson@example.com,Female,Europe
936,Charlotte Smith,charlotte.smith@example.com,Female,Europe
937,Sarah Thomas,sarah.thomas@example.com,Male,Europe
938,William Williams,william.williams@example.com,Female,Europe
939,William Hernandez,william.hernandez@example.com,Female,Europe
940,Joseph Lopez,joseph.lopez@example.com,Male,Europe
941,William Davis,william.davis@example.com,Male,Europe
942,James Martinez,james.martinez@example.com,Female,Europe
943,Emily Wilson,emily.wilson@example.com,Female,Europe
944,Emily Garcia,emily.garcia@example.com,Female,Europe
945,Jane Johnson,jane.johnson@example.com,Female,Europe
946,Charles Brown,charles.brown@example.com,Female,Europe
947,James Jones,james.jones@example.com,Female,Europe
948,Jane Hernandez,jane.hernandez@example.com,Male,Europe
949,Olivia Hernandez,olivia.hernandez@example.com,Female,Europe
950,Emma Brown,emma.brown@example.com,Male,Europe
951,Isabella Gonzalez,isabella.gonzalez@example.com,Male,Europe
952,Michael Rodriguez,michael.rodriguez@example.com,Male,Europe
953,Robert Lopez,robert.lopez@example.com,Female,Europe
954,John Martinez,john.martinez@example.com,Male,Europe
955,Emily Davis,emily.davis@example.com,Male,Europe
956,James Martinez,james.martinez@example.com,Female,Europe
957,James Johnson,james.johnson@example.com,Male,Europe
958,Sarah Jones,sarah.jones@example.com,Female,Europe
959,Isabella Anderson,isabella.anderson@example.com,Male,Europe
960,Robert Williams,robert.williams@example.com,Male,Europe
961,David Hernandez,david.hernandez@example.com,Female,Europe
962,Isabella Gonzalez,isabella.gonzalez@example.com,Female,Europe
963,Michael Garcia,michael.garcia@example.com,Female,Europe
964,Olivia Thomas,olivia.thomas@example.com,Male,Europe
965,Charles Jones,charles.jones@example.com,Male,Europe
966,Mia Garcia,mia.garcia@example.com,Male,Europe
967,Michael Martinez,michael.martinez@example.com,Male,Europe
968,Sarah Anderson,sarah.anderson@example.com,Female,Europe
969,Charles Rodriguez,charles.rodriguez@example.com,Female,Europe
970,Charles Martinez,charles.martinez@example.com,Female,Europe
971,James Anderson,james.anderson@example.com,Female,Europe
972,Isabella Wilson,isabella.wilson@example.com,Male,Europe
973,John Miller,john.miller@example.com,Female,Europe
974,Mia Wilson,mia.wilson@example.com,Male,Europe
975,Emma Smith,emma.smith@example.com,Male,Europe
976,John Martinez,john.martinez@example.com,Female,Europe
977,Michael Gonzalez,michael.gonzalez@example.com,Female,Europe
978,John Thomas,john.thomas@example.com,Female,Europe
979,Robert Thomas,robert.thomas@example.com,Male,Europe
980,James Wilson,james.wilson@example.com,Male,Europe
981,William Gonzalez,william.gonzalez@example.com,Female,Europe
982,James Gonzalez,james.gonzalez@example.com,Male,Europe
983,Sophia Thomas,sophia.thomas@example.com,Male,Europe
984,Michael Jones,michael.jones@example.com,Female,Europe
985,Charlotte Martinez,charlotte.martinez@example.com,Female,Europe
986,Isabella Rodriguez,isabella.rodriguez@example.com,Male,Europe
987,William Miller,william.miller@example.com,Female,Europe
988,Robert Hernandez,robert.hernandez@example.com,Female,Europe
989,Thomas Miller,thomas.miller@example.com,Male,Europe
990,Robert Williams,robert.williams@example.com,Male,Europe
991,William Miller,william.miller@example.com,Female,Europe
992,Emma Garcia,emma.garcia@example.com,Male,Europe
993,Isabella Wilson,isabella.wilson@example.com,Male,Europe
994,Charlotte Gonzalez,charlotte.gonzalez@example.com,Male,Europe
995,Charles Anderson,charles.anderson@example.com,Male,Europe
996,Joseph Jones,joseph.jones@example.com,Male,Europe
997,Charlotte Miller,charlotte.miller@example.com,Female,Europe
998,John Johnson,john.johnson@example.com,Female,Europe
999,Charlotte Rodriguez,charlotte.rodriguez@example.com,Female,Europe
1000,Sophia Gonzalez,sophia.gonzalez@example.com,Male,Europe
